cluster,Planck_mass,CNN_mass,redshift
PSZ2G006.49+50.56,14.847540827647643,14.813553,0.07660000026226044
PSZ2G006.68-35.55,14.619790431554163,14.564014,0.08940000087022781
PSZ2G006.84+50.69,14.265858802037986,14.683634,0.0757276862859726
PSZ2G007.76-36.83,14.421374989081786,14.533596,0.08946199715137482
PSZ2G008.80-35.18,14.473563067274041,14.311922,0.09359999746084213
PSZ2G011.36+49.42,14.271768567080539,14.597647,0.04419999942183495
PSZ2G012.81+49.68,14.278330712689042,14.35894,0.03550000116229057
PSZ2G018.73+23.56,14.598662717432743,14.586998,0.08900000154972076
PSZ2G018.84+22.43,14.55668491545861,14.472246,0.09120000153779984
PSZ2G019.48-80.97,14.416035944341042,14.433716,0.06199999898672104
PSZ2G023.40-15.26,14.374700875758696,14.323412,0.08290000259876251
PSZ2G025.13-75.88,14.170347625924109,14.236166,0.02999999932944775
PSZ2G028.08+10.79,14.516665890797961,14.588043,0.08820000290870667
PSZ2G028.63+50.15,14.511767726904138,14.478579,0.09160000085830688
PSZ2G029.06+44.55,14.547409739733832,14.584177,0.03530000150203705
PSZ2G031.93+78.71,14.434300220517743,14.308151,0.07240000367164612
PSZ2G033.46-48.43,14.610332700937764,14.403883,0.09430000185966492
PSZ2G033.81+77.18,14.64984220953548,14.666798,0.06219999864697456
PSZ2G034.38+51.57,14.28511183015218,14.366306,0.04109999909996986
PSZ2G037.05-70.55,14.345626025702526,14.272278,0.08799999952316284
PSZ2G038.68+24.50,14.393602713691607,14.306854,0.0835999995470047
PSZ2G038.95-46.90,14.291394199750549,14.417931,0.06140000000596046
PSZ2G040.03+74.95,14.410045625896771,14.278559,0.06120000034570694
PSZ2G040.58+77.12,14.419407465686156,14.257097,0.07479999959468842
PSZ2G042.81+56.61,14.610779315589912,14.659504,0.0723000019788742
PSZ2G044.20+48.66,14.943064311374929,14.846666,0.08940000087022781
PSZ2G044.46-65.42,14.40981649873916,14.334026,0.08290000259876251
PSZ2G045.10-43.18,14.447892600847462,14.324509,0.08079999685287476
PSZ2G046.47-49.44,14.642432900235757,14.589548,0.08460000157356262
PSZ2G048.08-46.63,14.324425408681162,14.252249,0.08089999854564667
PSZ2G048.10+57.16,14.555081257061575,14.710121,0.07769999653100967
PSZ2G048.75+53.18,14.402809077249838,14.345921,0.09799999743700027
PSZ2G049.32+44.37,14.564808979807035,14.444126,0.09719999879598618
PSZ2G049.69-49.46,14.560115843932046,14.429892,0.09799999743700027
PSZ2G053.55-29.85,14.25434844635619,14.202183,0.04940000176429749
PSZ2G053.99-45.06,14.251334725658975,14.296761,0.05820000171661377
PSZ2G056.62+88.42,14.517955347539207,14.885767,0.0450412780046463
PSZ2G056.77+36.32,14.641437052509323,14.543346,0.09529999643564224
PSZ2G057.61+34.93,14.571901721460936,14.484692,0.08020000159740448
PSZ2G057.78+52.32,14.376475902142085,14.417158,0.06539999693632126
PSZ2G057.80+88.00,14.855234169519981,14.887062,0.02309999987483025
PSZ2G057.92+27.64,14.428777575929054,14.407196,0.07569999992847443
PSZ2G058.29+18.55,14.589055741020704,14.653662,0.06499999761581421
PSZ2G059.72-46.21,14.34748279592911,14.501265,0.09019999951124191
PSZ2G061.75+88.11,14.531767842317977,14.882168,0.04360451549291611
PSZ2G062.44-46.43,14.539933772496576,14.36499,0.09059999883174896
PSZ2G062.94+43.69,14.45824586216198,14.734367,0.02989999949932098
PSZ2G065.32-64.84,14.395070669014132,14.32382,0.0851999968290329
PSZ2G068.22+15.18,14.337457728362562,14.2188015,0.05669999867677689
PSZ2G068.61-46.60,14.285342189212468,14.350487,0.05939999967813492
PSZ2G072.40-78.45,14.440377417628119,14.388517,0.09399999678134918
PSZ2G075.71+13.51,14.94126806052201,14.842693,0.05570000037550926
PSZ2G077.70+26.70,14.119765475790913,14.255625,0.05009999871253967
PSZ2G079.88+14.97,14.365856244955785,14.133625,0.0997999981045723
PSZ2G080.16+57.65,14.400144815744817,14.315458,0.08780000358819962
PSZ2G080.37+14.64,14.490886287590412,14.136766,0.09799999743700027
PSZ2G080.65-46.81,14.29132262782788,14.343609,0.04199999943375587
PSZ2G081.22-41.95,14.349829806722164,14.331505,0.07680000364780426
PSZ2G081.31-68.56,14.441221175686524,14.388376,0.07649999856948853
PSZ2G083.14+66.57,14.31699959748853,14.304218,0.08900000154972076
PSZ2G084.19-47.48,14.171019553251739,14.32579,0.04239999875426292
PSZ2G084.81-62.18,14.49367638691838,14.388924,0.07859999686479568
PSZ2G085.72+10.66,14.349862934404905,14.202274,0.08049999922513962
PSZ2G085.82+35.44,14.004423927518255,14.331322,0.02759999968111515
PSZ2G087.25-41.86,14.229976059352634,14.855131,0.04809999838471413
PSZ2G089.52+62.34,14.262066855779135,14.334522,0.07007736712694168
PSZ2G091.40-51.01,14.428544266858841,14.397593,0.0989999994635582
PSZ2G093.42-43.21,14.260062098521093,14.492151,0.04280000180006027
PSZ2G093.92+34.92,14.731009406147868,14.874847,0.08089999854564667
PSZ2G093.94-38.82,14.34623776054704,14.490322,0.0421999990940094
PSZ2G094.61-41.24,14.24657348774081,14.289087,0.04160000011324883
PSZ2G095.22+67.41,14.176643349067684,14.283491,0.0625
PSZ2G096.77-50.29,14.16790499714427,14.37644,0.03999999910593033
PSZ2G096.78-50.20,14.301665600336122,14.372246,0.06872332841157913
PSZ2G096.99-53.64,14.268625321432282,14.305933,0.05620000138878822
PSZ2G098.10+30.30,14.379727007790224,14.448299,0.07699999958276749
PSZ2G098.97+24.86,14.412167046998622,14.358721,0.09279999881982803
PSZ2G099.57-58.64,14.350010312708251,14.341728,0.09239999949932098
PSZ2G100.45-38.42,14.265771553081208,14.320528,0.05649999901652336
PSZ2G100.80+24.61,14.350435652914403,14.344767,0.0877000018954277
PSZ2G101.68-49.21,14.380113916823646,14.2420845,0.07259999960660934
PSZ2G103.40-32.99,14.179532640057042,14.330376,0.03089999966323376
PSZ2G105.55+77.21,14.341688178736039,14.3634205,0.07199999690055847
PSZ2G110.98+31.73,14.793143254992875,14.87895,0.05810000002384186
PSZ2G112.48+56.99,14.475836032126976,14.277233,0.07010000199079514
PSZ2G113.02-64.68,14.366739717107604,14.287954,0.0812000036239624
PSZ2G114.79-33.71,14.58256509054597,14.527737,0.09399999678134918
PSZ2G114.90-34.35,14.393104821790956,14.418659,0.09480000287294388
PSZ2G115.25-72.07,14.69181974493744,14.739973,0.05550000071525574
PSZ2G117.98-55.88,14.222322814912252,14.328976,0.03950000181794167
PSZ2G122.47-38.41,14.401391004779189,14.322231,0.08150000125169754
PSZ2G125.68-64.12,14.535261403776587,14.67231,0.04419999942183495
PSZ2G126.72-72.82,14.176767219370166,14.259211,0.05350000038743019
PSZ2G128.26+43.03,14.268265737151875,14.275084,0.08299999684095383
PSZ2G135.76-62.03,14.182798643459387,14.338495,0.04500000178813934
PSZ2G136.64-25.03,14.049560093024837,14.271416,0.01630000025033951
PSZ2G136.91-53.21,14.262820362521651,14.393593,0.04910000041127205
PSZ2G136.92+59.46,14.257379553947025,14.320002,0.06499999761581421
PSZ2G137.74-27.08,14.452358099867423,14.371216,0.08720000088214874
PSZ2G143.00-77.70,14.265870141992279,14.297647,0.05330000072717667
PSZ2G145.92-12.53,14.281515221795958,14.463804,0.02999999932944775
PSZ2G146.00-49.45,14.588507135187777,14.755358,0.09700000286102295
PSZ2G146.35-15.59,14.291632044004682,14.624603,0.01720000058412552
PSZ2G147.14-20.56,14.322339862233015,14.33522,0.04879999905824661
PSZ2G149.63-84.19,14.4796657285746,14.46283,0.05689999833703041
PSZ2G151.86-75.04,14.223119195277258,14.2773,0.05189999938011169
PSZ2G152.70+25.46,14.46922210737322,14.378164,0.09799999743700027
PSZ2G161.39+26.27,14.329225286174436,14.282007,0.03810000047087669
PSZ2G164.18-38.88,14.829034567380731,14.929958,0.0738999992609024
PSZ2G164.31-39.46,14.719275145186753,14.861174,0.0722000002861023
PSZ2G165.12+14.05,14.374295379358294,14.41791,0.06700000166893005
PSZ2G165.95+41.01,14.25179686360898,14.316622,0.06190000101923943
PSZ2G172.74+65.30,14.389867215912188,14.384417,0.07940000295639038
PSZ2G176.27-35.04,14.355877993268104,14.321817,0.03469999879598618
PSZ2G178.94+56.00,14.348537754805895,14.337681,0.09220000356435776
PSZ2G182.42-28.28,14.842135806386514,14.861715,0.08820000290870667
PSZ2G188.38+07.05,14.519903619890158,14.5498295,0.08100000023841858
PSZ2G191.00+06.65,14.770254457955934,14.799986,0.06800000369548798
PSZ2G192.77+33.14,14.219705943346455,14.349951,0.0502999983727932
PSZ2G195.65-17.67,14.22024279020238,15.039156,0.0284000001847744
PSZ2G200.63-64.71,14.3943851688355,14.359749,0.09070000052452087
PSZ2G206.22+24.89,14.356945006641382,14.288143,0.0925000011920929
PSZ2G209.54-36.50,14.433591489803444,14.860165,0.03260000050067902
PSZ2G210.22+15.56,14.307784634563449,14.319893,0.06199999898672104
PSZ2G219.45-35.90,14.393049493141868,14.233297,0.07199999690055847
PSZ2G220.53-38.55,14.379186303585229,14.323032,0.06700000166893005
PSZ2G220.74-58.91,14.282808027072731,14.317352,0.06849999725818634
PSZ2G222.52+20.58,14.359644668301522,14.287022,0.08219999819993973
PSZ2G224.38-24.95,14.404245272106326,14.296146,0.09149999916553497
PSZ2G226.16-21.95,14.588071466958496,14.524862,0.09889999777078629
PSZ2G229.93+15.30,14.709591344141463,14.849705,0.07039999961853027
PSZ2G230.28-24.42,14.184940026018769,14.266277,0.04199999943375587
PSZ2G230.29-47.13,14.265756139522917,14.312838,0.05999999865889549
PSZ2G234.59+73.01,14.221956825616983,14.337259,0.02140000090003014
PSZ2G235.74-67.98,14.304168587133079,14.338942,0.07919999957084656
PSZ2G239.29+24.75,14.835941688756707,14.928368,0.05420000106096268
PSZ2G239.97+03.74,14.344807663530178,14.358604,0.04899999871850014
PSZ2G240.80-46.51,14.181439198510558,14.285044,0.05009999871253967
PSZ2G242.09+10.41,14.41031283518282,14.292074,0.08760000020265579
PSZ2G242.41-37.40,14.244138035866115,14.290831,0.0535999983549118
PSZ2G243.02+42.87,14.232128240084705,14.364904,0.04450000077486038
PSZ2G243.64+67.74,14.593130652615741,14.491678,0.08340000361204147
PSZ2G245.70-33.75,14.288409504088763,14.285208,0.07559999823570251
PSZ2G246.36-30.27,14.051823336563483,14.270807,0.03579999879002571
PSZ2G246.49-35.31,14.162430575316812,14.266304,0.08100000023841858
PSZ2G246.50-26.09,14.377277769662282,14.518419,0.04679999873042107
PSZ2G247.56-56.06,14.25567040869235,14.299473,0.06430000066757202
PSZ2G252.99-56.09,14.466471261598391,14.353041,0.07519999891519547
PSZ2G253.04+36.83,14.362305442646692,14.308096,0.05860000103712082
PSZ2G254.96+55.88,14.365553708854147,14.382307,0.07800000160932541
PSZ2G255.07+54.84,14.333763646968725,14.384069,0.08874005824327469
PSZ2G255.32-56.27,14.240861733598578,14.348907,0.07180000096559525
PSZ2G255.52-35.66,14.32961601648663,14.291967,0.09120000153779984
PSZ2G256.67+42.05,14.255791341033493,14.298666,0.06499999761581421
PSZ2G257.51+57.54,14.180769315601589,14.264627,0.04679999873042107
PSZ2G261.88+62.85,14.382170714019068,14.391644,0.09740000218153
PSZ2G262.36-25.15,14.449987111775938,14.507055,0.05139999836683273
PSZ2G263.19-25.19,14.50678886790137,14.476294,0.05059999972581863
PSZ2G265.02-48.96,14.625786607482642,14.789574,0.05900000035762787
PSZ2G265.21-24.83,14.26404715249159,14.018042,0.05400000140070915
PSZ2G266.84-14.42,14.327473475349219,14.330595,0.07400000095367432
PSZ2G269.31-49.87,14.513510821159755,14.536621,0.08529999852180481
PSZ2G269.36-47.20,14.185913144604939,14.296665,0.05700000002980232
PSZ2G271.60-12.50,14.544904051186744,14.43536,0.06199999898672104
PSZ2G272.08-29.06,14.346732009051342,14.236839,0.09773699939250946
PSZ2G272.08-40.16,14.821971417507271,14.867338,0.05889999866485596
PSZ2G272.11-11.50,14.394743679907565,14.370913,0.06100000068545341
PSZ2G272.88+19.14,13.917107126448924,14.238148,0.01105399988591671
PSZ2G279.51-44.85,14.229938436447917,14.290464,0.07855799794197083
PSZ2G280.21+14.57,14.250397104548306,14.258005,0.05798700079321861
PSZ2G283.91+73.87,14.47539378362855,14.716158,0.0851999968290329
PSZ2G284.59+70.84,14.34252819803585,14.253164,0.08959999680519104
PSZ2G287.46+81.12,14.419710303000024,14.325302,0.0729999989271164
PSZ2G287.72+26.46,14.411388383542105,14.3270855,0.06970000267028809
PSZ2G290.19+30.16,14.352644032459713,14.294487,0.06849999725818634
PSZ2G292.74+33.49,14.315185791104657,14.288927,0.08156999945640564
PSZ2G293.12-70.85,14.058351819881734,14.31687,0.02380000054836273
PSZ2G296.42-32.49,14.39114875731137,14.443718,0.06129999831318855
PSZ2G302.41+21.60,14.12212464849273,14.277628,0.01140000019222498
PSZ2G302.49+21.53,14.102270805037627,14.25705,0.01140000019222498
PSZ2G303.56+47.54,14.231072885121572,14.250753,0.04619999974966049
PSZ2G303.75+33.70,14.457805964657211,14.51277,0.0544000007212162
PSZ2G304.44+32.48,14.538178324737302,14.336756,0.05539999902248383
PSZ2G304.91+45.43,14.566875492526595,14.641491,0.04729999974370003
PSZ2G306.66+61.06,14.64805395312237,14.353968,0.08449999988079071
PSZ2G306.77+58.61,14.70536608405711,14.724255,0.08449999988079071
PSZ2G308.64+60.26,14.346806377393463,14.354439,0.08470000326633453
PSZ2G311.62-42.31,14.290230063517473,14.268217,0.09839999675750732
PSZ2G311.98+30.71,14.679985567969407,14.690294,0.04800000041723251
PSZ2G312.62+35.05,14.460643438708617,14.52062,0.04580000042915344
PSZ2G313.33+30.29,14.387923438491454,14.729347,0.04899999871850014
PSZ2G314.26-55.35,14.35432490917351,14.315119,0.09889999777078629
PSZ2G314.46+13.54,14.723045684417038,14.835474,0.07400000095367432
PSZ2G314.96+10.06,14.834504102006807,14.912603,0.0966000035405159
PSZ2G316.31+28.53,14.665364377791283,14.869236,0.03909999877214432
PSZ2G317.58-17.82,14.313691449740553,14.293371,0.0689999982714653
PSZ2G319.41-27.54,14.352137324611732,14.305603,0.07259999960660934
PSZ2G321.98-47.96,14.604566479031757,14.604254,0.09399999678134918
PSZ2G322.77+59.52,14.508683790607346,14.413965,0.0851999968290329
PSZ2G323.39+81.61,14.26933557854475,14.275837,0.06430000066757202
PSZ2G324.54-44.97,14.477596330189595,14.325314,0.09510000050067902
PSZ2G324.59-11.52,14.899788476195605,15.013821,0.05079999938607216
PSZ2G325.17-07.05,14.37950594108196,14.626068,0.01569999940693378
PSZ2G326.01+17.21,14.326347559275218,14.464012,0.06199999898672104
PSZ2G327.29+09.99,14.472527271717825,14.562349,0.05799999833106995
PSZ2G329.36-09.90,14.564569148787838,14.780331,0.04800000041723251
PSZ2G331.12+62.31,14.390155604830605,14.342596,0.07649999856948853
PSZ2G331.96-45.74,14.318988950051109,14.445318,0.07500000298023224
PSZ2G332.23-46.37,14.761241163265248,14.756819,0.09799999743700027
PSZ2G332.29-23.57,13.89491158141657,14.264372,0.01460000034421682
PSZ2G335.58-46.44,14.621841902363643,14.611662,0.07599999755620956
PSZ2G336.01-51.27,14.309189925540151,14.276484,0.07909999787807465
PSZ2G336.60-55.43,14.631405903206643,14.542595,0.09650000184774399
PSZ2G336.95-45.75,14.393320624103106,14.578987,0.07599999755620956
PSZ2G339.47+63.56,14.399023671095476,14.3869705,0.07880000025033951
PSZ2G340.88-33.36,14.847316839858344,14.931505,0.05559999868273735
PSZ2G342.82-30.48,14.511158714275147,14.3305435,0.05999999865889549
PSZ2G344.99-81.88,14.162775323020677,14.266159,0.04910000041127205
PSZ2G345.38-39.32,14.257185933574622,14.293077,0.04483100026845932
PSZ2G345.82-34.29,14.26491669277709,14.242504,0.05050000175833702
PSZ2G346.86-45.38,14.306945421165752,14.298977,0.07959999889135361
PSZ2G348.46-64.83,14.165644922488605,14.276714,0.05640000104904175
PSZ2G355.50+54.72,14.042649309388993,14.335089,0.02630000002682209
PSZ2G356.04-49.50,14.221777257042088,14.277033,0.06199999898672104
PSZ2G356.25-76.07,14.392471702441783,14.269075,0.04749999940395355
PSZ2G356.53+28.66,14.469896462906775,14.315628,0.09700000286102295
PSZ2G357.75-41.77,14.189399826338322,14.310596,0.048700001090765
PSZ2G358.94-70.57,14.401963869762605,14.361736,0.09570000320672989
PSZ2G000.04+45.13,14.597959486463143,14.702957,0.1198000013828278
PSZ2G000.13+78.04,14.709472704320575,14.700325,0.1710000038146973
PSZ2G000.40-41.86,14.724034306861347,14.724625,0.1650999933481216
PSZ2G002.08-68.28,14.4525985018202,14.540361,0.1400000005960464
PSZ2G002.42+69.64,14.545356701415482,14.592175,0.1805180460214615
PSZ2G002.77-56.16,14.644550040028346,14.734835,0.1411000043153763
PSZ2G002.82+39.23,14.758610410889824,14.811411,0.1533000022172928
PSZ2G003.91-42.03,14.673592597616224,14.733673,0.152099996805191
PSZ2G003.93-59.41,14.857015956778497,14.905426,0.1509999930858612
PSZ2G004.04+42.23,14.555342612993714,14.583666,0.1512721329927444
PSZ2G005.91-28.26,14.63210205275723,14.608002,0.1728000044822693
PSZ2G006.82-34.71,14.498665232408666,14.669922,0.1397999972105026
PSZ2G008.47-56.34,14.680513033038533,14.775753,0.1485999971628189
PSZ2G009.45-56.93,14.604342251884605,14.691397,0.1544000059366226
PSZ2G015.75-28.66,14.513241959510246,14.593014,0.1490000039339066
PSZ2G018.32-28.50,14.706910925804278,14.767523,0.1612000018358231
PSZ2G021.10+33.24,14.8914434982585,14.921274,0.1513999998569489
PSZ2G022.12-38.81,14.57186292882838,14.537424,0.1879999935626984
PSZ2G024.44+22.76,14.653776162833783,14.749044,0.1647000014781952
PSZ2G028.77-33.56,14.654603386470425,14.7337475,0.1474999934434891
PSZ2G028.89+60.13,14.657306836353154,14.688223,0.1529999971389771
PSZ2G030.90+34.37,14.569786553823786,14.582336,0.1818999946117401
PSZ2G036.73+14.93,14.723320943104627,14.8125725,0.1525000035762787
PSZ2G039.32-59.88,14.504054696147833,14.546198,0.135900005698204
PSZ2G039.85-39.96,14.771965039159955,14.8069,0.1759999990463257
PSZ2G039.98-53.12,14.541146109905643,14.677031,0.1300999969244003
PSZ2G040.28+37.36,14.501000735407779,14.548458,0.1535000056028366
PSZ2G041.43-66.81,14.432928259580878,14.568266,0.1107999980449677
PSZ2G041.45+29.10,14.747183444545255,14.7782,0.1780000030994415
PSZ2G042.53+35.20,14.535384682206821,14.558899,0.181099995970726
PSZ2G042.81-82.97,14.62938429477075,14.662424,0.1410000026226044
PSZ2G044.07-59.30,14.481962151624789,14.568192,0.1324999928474426
PSZ2G045.04+30.38,14.51038902850736,14.543301,0.160300001502037
PSZ2G045.50-37.21,14.448318087574831,14.696991,0.1152999997138977
PSZ2G046.26-70.47,14.479671870557997,14.542532,0.1430999934673309
PSZ2G046.88+56.48,14.724885896570022,14.878164,0.1145000010728836
PSZ2G047.73-60.15,14.526912536866833,14.665604,0.1221000030636787
PSZ2G049.09+25.23,14.566105428066471,14.632961,0.1410000026226044
PSZ2G049.22+30.87,14.771157067578145,14.842112,0.1643999963998795
PSZ2G050.40+31.17,14.63659500633531,14.668272,0.164000004529953
PSZ2G050.46+67.54,14.46588752313876,14.573826,0.1313000023365021
PSZ2G053.53+59.52,14.767180319447636,14.867151,0.1129999980330467
PSZ2G053.63-41.84,14.512904631101367,14.584278,0.1509000062942505
PSZ2G055.80+32.90,14.411385010537021,14.743052,0.1054000034928322
PSZ2G056.79-11.60,14.602735451958447,14.7419815,0.1220000013709068
PSZ2G060.10+15.59,14.66899762462526,14.643503,0.1899999976158142
PSZ2G060.55+27.00,14.541632205193622,14.550932,0.1712000072002411
PSZ2G061.47-14.69,14.576198203166975,14.627766,0.1689999997615814
PSZ2G062.46-21.35,14.636984997299365,14.632402,0.1615000069141388
PSZ2G065.28+44.53,14.590723027518292,14.563908,0.1825000047683716
PSZ2G065.81-83.77,14.452065938901232,14.600386,0.1120000034570694
PSZ2G065.89+31.59,14.437138090114388,14.552046,0.1328999996185303
PSZ2G066.68+68.44,14.578440405040574,14.760885,0.1630076617002487
PSZ2G067.17+67.46,14.859491950790606,14.911045,0.1712000072002411
PSZ2G067.52+34.75,14.656851678387419,14.655205,0.1754000037908554
PSZ2G067.89-32.29,14.584565850716888,14.572382,0.1944804489612579
PSZ2G070.08-31.79,14.695184056245187,14.732157,0.1920000016689301
PSZ2G071.63+29.78,14.615987367967097,14.671812,0.1564999967813492
PSZ2G072.59-43.25,14.632193207374442,14.803684,0.1589999943971634
PSZ2G072.79-18.73,14.790269192810348,14.838619,0.1430000066757202
PSZ2G075.11-58.83,14.52425693064412,14.572491,0.1892118901014328
PSZ2G076.44+23.53,14.496077260723197,14.736355,0.1689999997615814
PSZ2G077.90-26.63,14.704285875469985,14.773935,0.1469999998807907
PSZ2G078.36-47.22,14.568245495733144,14.6040745,0.1695999950170517
PSZ2G080.41-33.24,14.576807457202232,14.713131,0.1071999967098236
PSZ2G083.86+85.09,14.66818619018892,14.716732,0.1832000017166138
PSZ2G084.47+12.63,14.68723497402881,14.62645,0.1850000023841858
PSZ2G084.69+42.28,14.431203671166985,14.571285,0.1299999952316284
PSZ2G084.85+35.05,14.385374975964018,14.554132,0.1137999966740608
PSZ2G085.98+26.69,14.593861656672425,14.658352,0.1790000051259995
PSZ2G086.54-26.67,14.53841408559403,14.57407,0.1650000065565109
PSZ2G087.03+22.49,14.254167253179084,14.541668,0.1093999966979027
PSZ2G088.53+41.18,14.408498010568259,14.546404,0.1328999996185303
PSZ2G090.66-52.34,14.635376324019264,14.5640335,0.1967172920703888
PSZ2G094.69+26.36,14.487508167103492,14.570221,0.1623000055551529
PSZ2G095.39+14.43,14.502304194057892,14.6838455,0.1190000027418137
PSZ2G096.14+56.24,14.442675670253488,14.566126,0.1397727131843567
PSZ2G097.72+38.12,14.818565750843566,14.837051,0.1709000021219254
PSZ2G098.44+56.59,14.451507094832237,14.585512,0.1318383514881134
PSZ2G099.30+20.92,14.593399140170607,14.585848,0.1705999970436096
PSZ2G099.48+37.72,14.399029909514807,14.65596,0.1668000072240829
PSZ2G099.48+55.60,14.449006337248417,14.639532,0.1050999984145164
PSZ2G104.29+26.17,14.28805889838604,14.544775,0.1124999970197678
PSZ2G105.25-17.93,14.661362693997951,14.687792,0.1400000005960464
PSZ2G105.40-50.43,14.585907072689787,14.616417,0.1697999984025955
PSZ2G106.41+50.82,14.46057130387884,14.55604,0.1394000053405762
PSZ2G107.39-31.48,14.537429511388403,14.588697,0.1498000025749207
PSZ2G109.22-44.01,14.513520406681037,14.568041,0.1730523407459259
PSZ2G111.75+70.37,14.63774166026506,14.729475,0.1829999983310699
PSZ2G113.29-29.69,14.569382705452417,14.667076,0.1072999984025955
PSZ2G114.14+58.96,14.336813896494922,14.540609,0.1155826449394226
PSZ2G114.39-20.98,14.581236766138177,14.642607,0.1536999940872192
PSZ2G114.83+57.25,14.514998106547958,14.576099,0.1695168316364288
PSZ2G115.58-44.56,14.635090742768433,14.752184,0.1700000017881393
PSZ2G116.79-09.85,14.526005453106585,14.955318,0.1040000021457672
PSZ2G118.03+31.10,14.636662658548588,14.647978,0.1940000057220459
PSZ2G118.58+28.57,14.77691736164346,14.796377,0.1780000030994415
PSZ2G119.92+59.12,14.536237917437116,14.532284,0.1960999965667725
PSZ2G123.55-10.36,14.617040642328021,14.827656,0.1070000007748604
PSZ2G124.20-36.48,14.88389878217488,14.866261,0.1970999985933304
PSZ2G125.37-08.67,14.766993840144497,14.878103,0.1066000014543533
PSZ2G126.61-37.63,14.583925721252882,14.583355,0.1661472171545029
PSZ2G127.71-69.55,14.608551581128836,14.687183,0.119260735809803
PSZ2G127.86+45.05,14.459480688115645,14.549978,0.191200003027916
PSZ2G132.29+44.51,14.440060994034424,14.556263,0.1525000035762787
PSZ2G132.54-42.16,14.60061966591249,14.568977,0.1939821541309357
PSZ2G134.52+31.98,14.392932446262996,14.545519,0.1288000047206879
PSZ2G134.70+48.91,14.532047804135866,14.714582,0.1159999966621399
PSZ2G135.19+57.88,14.345269362623975,14.55109,0.1031000018119812
PSZ2G138.97+40.56,14.538091771027933,14.553686,0.1926999986171722
PSZ2G144.33+62.85,14.42449712250312,14.552824,0.1319999992847443
PSZ2G144.81-49.86,14.64201216926695,14.8701725,0.1899999976158142
PSZ2G144.99-24.64,14.62790851321668,14.555971,0.1899999976158142
PSZ2G147.11+21.84,14.528929673089655,14.62952,0.1127000004053116
PSZ2G149.22+54.18,14.768272978054945,14.836027,0.1368999928236008
PSZ2G149.39-36.84,14.733748422431395,14.9188175,0.1700000017881393
PSZ2G149.75+34.68,14.947387610394097,14.940207,0.1817999929189682
PSZ2G151.90+11.63,14.586919364679842,14.66427,0.1203000023961067
PSZ2G153.57+36.26,14.52810663286569,14.729612,0.1319999992847443
PSZ2G162.33+25.03,14.45524510329416,14.604658,0.1042999997735023
PSZ2G163.69+53.52,14.675195287682229,14.755947,0.1580000072717667
PSZ2G165.06+54.13,14.694030981436077,14.819777,0.1439999938011169
PSZ2G165.46+66.15,14.568100244813008,14.563759,0.195700004696846
PSZ2G167.67+17.63,14.822976208020176,14.82897,0.1739999949932098
PSZ2G167.98-59.95,14.634112713872641,14.662384,0.1393000036478043
PSZ2G170.26+73.90,14.494667812513413,14.555113,0.1648000031709671
PSZ2G172.63+35.15,14.59124352583902,14.61891,0.1266999989748001
PSZ2G173.90-51.89,14.572792221646058,14.592777,0.1793625801801682
PSZ2G174.40-57.33,14.597830821859429,14.634745,0.1843000054359436
PSZ2G174.96+23.37,14.535985510549281,14.5711,0.1591999977827072
PSZ2G175.60+35.47,14.48797000132073,14.557116,0.1449999958276749
PSZ2G175.89+24.24,14.549542140765833,14.587036,0.1864999979734421
PSZ2G179.09+60.12,14.584222722721709,14.643778,0.1371999979019165
PSZ2G181.71-68.65,14.598512913182235,14.692444,0.1528999954462051
PSZ2G186.24-11.99,14.671933460839275,14.829916,0.1150000020861626
PSZ2G187.53+21.92,14.713095942235295,14.756882,0.1710000038146973
PSZ2G187.74+20.66,14.632515886823228,14.643068,0.1929000020027161
PSZ2G188.57-68.86,14.523722801121535,14.57892,0.1739999949932098
PSZ2G189.31+59.24,14.510758342549968,14.631924,0.125900000333786
PSZ2G192.18+56.12,14.558776341288969,14.654314,0.1239999979734421
PSZ2G198.47-23.69,14.55983238315322,14.626371,0.1247999966144562
PSZ2G199.09-16.61,14.664983301294749,14.63022,0.1509999930858612
PSZ2G202.50+19.17,14.415955370011664,14.54837,0.101593092083931
PSZ2G203.18+20.84,14.546637516956443,14.595396,0.1840151399374008
PSZ2G204.10+16.51,14.568889890835736,14.636007,0.1220000013709068
PSZ2G209.17-80.38,14.50056207558473,14.562279,0.1597000062465668
PSZ2G209.53+43.32,14.581745614213911,14.58366,0.1920000016689301
PSZ2G212.25-53.20,14.637782050460736,14.588913,0.1879999935626984
PSZ2G214.61-22.70,14.731914862407665,14.849699,0.153999999165535
PSZ2G217.09+40.15,14.589930527539808,14.625746,0.1357000023126602
PSZ2G217.40+10.88,14.727525407934069,14.786209,0.1889999955892563
PSZ2G218.59+71.31,14.555220374280866,14.663893,0.1370999962091446
PSZ2G218.81+35.51,14.73385549187675,14.744942,0.1750999987125397
PSZ2G222.77+60.67,14.544006268640471,14.553898,0.160300001502037
PSZ2G223.04-20.27,14.594443430909214,14.5797,0.1899999976158142
PSZ2G224.00+69.33,14.722163069890916,14.75466,0.1904000043869019
PSZ2G225.56-27.27,14.549606609978156,14.57127,0.1705999970436096
PSZ2G226.18+76.79,14.77430591466462,14.844368,0.1427000015974045
PSZ2G228.62+68.44,14.463919331740923,14.547249,0.1041999980807304
PSZ2G229.23-17.23,14.720210460927525,14.734312,0.1710000038146973
PSZ2G230.76+65.41,14.514989850524174,14.56777,0.1705999970436096
PSZ2G232.84+38.13,14.535581450689516,14.578405,0.1508000046014786
PSZ2G233.05+23.67,14.569897820200602,14.55624,0.1920000016689301
PSZ2G233.25-30.01,14.525468252611597,14.636818,0.1581999957561493
PSZ2G234.06-30.74,14.63417051246432,14.630095,0.1993999928236008
PSZ2G236.92-26.65,14.689225284189257,14.772375,0.1483000069856644
PSZ2G238.34+05.94,14.69078508596926,14.7997265,0.1400000005960464
PSZ2G238.69+63.26,14.65073041365326,14.610825,0.1689999997615814
PSZ2G241.79+50.30,14.477214399701682,14.547358,0.1524000018835068
PSZ2G241.79-24.01,14.747285881763622,14.834616,0.1392000019550323
PSZ2G241.98+14.87,14.81905480133086,14.847935,0.1686999946832657
PSZ2G244.11-53.59,14.442216340858506,14.737759,0.1030000001192093
PSZ2G244.71+32.50,14.718464626894466,14.78574,0.1535000056028366
PSZ2G245.47-53.62,14.645442610324327,14.729992,0.1729000061750412
PSZ2G247.19-23.31,14.610515880176953,14.625481,0.1519999951124191
PSZ2G247.97+33.52,14.507854814389402,14.65638,0.1633999943733215
PSZ2G249.38+33.26,14.732925925269324,14.749817,0.1668999940156937
PSZ2G249.87-21.65,14.584615516702453,14.608305,0.1758999973535538
PSZ2G249.91-39.86,14.557240159049343,14.599787,0.1500999927520752
PSZ2G250.43-41.42,14.421558131393011,14.546213,0.1500000059604645
PSZ2G253.48-33.72,14.669289393343204,14.643782,0.1913000047206879
PSZ2G254.73-30.52,14.357383893135873,14.555574,0.1254000067710876
PSZ2G254.90+33.92,14.50291699294343,14.615118,0.1517000049352646
PSZ2G255.64-25.30,14.45999601948532,14.571192,0.1164000034332275
PSZ2G256.24+34.83,14.611889317103435,14.629295,0.1527519971132278
PSZ2G256.38+44.04,14.502995954666124,14.594702,0.1342000067234039
PSZ2G259.22-19.10,14.488480303648295,14.575462,0.1570000052452087
PSZ2G260.52-54.50,14.472968753698344,14.565588,0.1641969978809357
PSZ2G260.85-62.19,14.574815697552499,14.672556,0.1899999976158142
PSZ2G262.83+25.77,14.57185513103548,14.5710945,0.1801239997148514
PSZ2G262.95+45.74,14.521386509201477,14.592331,0.153999999165535
PSZ2G263.68-22.55,14.901134409978084,14.866823,0.1643999963998795
PSZ2G268.30+28.89,14.452233444681058,14.628344,0.1230000033974648
PSZ2G269.03+44.22,14.62442826632958,14.610189,0.191200003027916
PSZ2G269.82-64.35,14.357193734629769,14.547165,0.1150000020861626
PSZ2G270.95-31.78,14.370547654847348,14.631403,0.1400000005960464
PSZ2G272.16+33.47,14.582688857200827,14.629049,0.1415999978780746
PSZ2G273.59+63.27,14.743358830597618,14.864187,0.1339000016450882
PSZ2G276.09-41.53,14.459095038116605,14.572584,0.1400000005960464
PSZ2G277.38+47.07,14.448352238323608,14.612215,0.119499996304512
PSZ2G278.33-41.53,14.526349525647051,14.650768,0.119999997317791
PSZ2G279.02+81.24,14.52953034543014,14.571678,0.1800000071525574
PSZ2G280.17+47.83,14.782135681334754,14.8177395,0.1556999981403351
PSZ2G282.12+54.04,14.667849098026995,14.751997,0.126800000667572
PSZ2G282.67+20.83,14.648140982571617,14.744501,0.1306000053882599
PSZ2G285.52-62.23,14.560570352396988,14.6921215,0.1168000027537346
PSZ2G285.63+72.75,14.748733242506153,14.624893,0.1650000065565109
PSZ2G287.05-23.21,14.335768461417015,14.56333,0.1110000014305115
PSZ2G287.22+18.13,14.64762078164938,14.716799,0.1550000011920929
PSZ2G288.27+39.97,14.855051531508417,14.8619175,0.1992000043392181
PSZ2G288.63-37.66,14.808945067267627,14.909019,0.1270000040531158
PSZ2G291.34-55.31,14.566664576322198,14.5948925,0.1805000007152557
PSZ2G293.35+07.33,14.58938217344376,14.684986,0.1550000011920929
PSZ2G295.34+23.34,14.626399652109665,14.705303,0.1190000027418137
PSZ2G300.98+14.38,14.619554238516088,14.636848,0.1519999951124191
PSZ2G301.11+60.05,14.64515035393228,14.580912,0.1797000020742416
PSZ2G302.85-88.63,14.491923860315614,14.576052,0.1124999970197678
PSZ2G303.03-68.49,14.507072029644155,14.542477,0.1872999966144562
PSZ2G304.65-31.66,14.673006049318202,14.723698,0.1933999955654144
PSZ2G306.50+38.50,14.631010238041943,14.72402,0.1288000047206879
PSZ2G308.85-50.61,14.481490942188298,14.539728,0.1598999947309494
PSZ2G312.63-66.40,14.549357414301722,14.575136,0.1448000073432922
PSZ2G312.94+55.38,14.583537570350822,14.543592,0.1891999989748001
PSZ2G313.00-30.01,14.574584695203777,14.7895565,0.1379999965429306
PSZ2G313.33+61.13,14.942949128085424,14.95677,0.1832000017166138
PSZ2G313.55+41.93,14.606740745307937,14.581312,0.1925999969244003
PSZ2G313.88-17.11,14.904448891214583,14.931566,0.1529999971389771
PSZ2G315.36+38.54,14.589241477374207,14.641327,0.1263999938964844
PSZ2G315.68-18.04,14.807811739442919,14.958254,0.1049999967217445
PSZ2G328.24+18.21,14.544378683183815,14.611416,0.1150000020861626
PSZ2G328.31-09.71,14.793420484355698,14.895256,0.1480000019073486
PSZ2G328.58-25.25,14.582506226746977,14.570772,0.1797000020742416
PSZ2G329.53-54.73,14.5064332928329,14.556238,0.1527999937534332
PSZ2G329.57-17.96,14.533959079538713,14.63397,0.1330000013113022
PSZ2G332.87-19.26,14.772149151563603,14.852875,0.1469999998807907
PSZ2G340.46-52.20,14.404091473765018,14.579153,0.1019999980926514
PSZ2G342.51-50.97,14.374546433090806,14.55007,0.1064999997615814
PSZ2G342.62-39.60,14.478492424792291,14.565136,0.1389999985694885
PSZ2G346.30-30.35,14.469712989900474,14.56287,0.1068999990820885
PSZ2G346.36-77.71,14.391722595612922,14.58272,0.1200829967856407
PSZ2G352.28-77.66,14.60223991330504,14.715546,0.1146999970078468
PSZ2G356.05+70.99,14.469221228668928,14.5824795,0.1251000016927719
PSZ2G358.21-87.49,14.562037316764501,14.744286,0.1081999987363815
PSZ2G358.98-67.26,14.718062188704042,14.756588,0.1785999983549118
PSZ2G359.07-32.12,14.674041870132974,14.643736,0.1495999991893768
PSZ2G000.77-35.69,14.801648019222966,14.751867,0.3416000008583069
PSZ2G004.13+56.81,14.852651847113851,14.826258,0.3799999952316284
PSZ2G006.05+29.43,14.741548397595652,14.85113,0.2522999942302704
PSZ2G006.38+62.03,14.682501838855709,14.780157,0.2357116192579269
PSZ2G006.76+30.45,15.207269881787756,15.329115,0.2029999941587448
PSZ2G008.31-64.74,14.88906229653881,14.922148,0.3120000064373016
PSZ2G008.94-81.22,14.992804559483789,15.037315,0.3066000044345856
PSZ2G011.06-63.84,14.609647900715425,14.800249,0.2240000069141388
PSZ2G011.72-37.96,14.730300288334856,14.721359,0.3230000138282776
PSZ2G012.59-20.10,14.843509200086963,14.7831955,0.3519999980926514
PSZ2G013.74-45.53,14.682203663185467,14.724199,0.3230330049991608
PSZ2G014.09+38.38,14.674472449223334,14.738142,0.2222000062465668
PSZ2G014.33+60.23,14.64007483153661,14.738552,0.2198335528373718
PSZ2G018.18-60.00,14.687390643697336,14.734928,0.2515000104904175
PSZ2G018.54-25.69,14.953854760171987,14.945377,0.3170999884605408
PSZ2G019.12+31.23,14.822783003813267,14.890623,0.2800000011920929
PSZ2G020.08+37.47,14.738606314368907,14.776951,0.3328062295913696
PSZ2G020.66+37.99,14.752242927469892,14.769104,0.3451333940029144
PSZ2G021.08+38.00,14.789987492053934,14.756577,0.3815000057220459
PSZ2G021.36-43.02,14.764235897864827,14.767067,0.3799999952316284
PSZ2G023.17+86.71,14.701831208900252,14.756056,0.306300014257431
PSZ2G026.73-38.94,14.733120765285106,14.7907715,0.2020000070333481
PSZ2G028.05+25.43,14.8214548414571,14.914272,0.2840000092983246
PSZ2G033.97-76.61,14.878380396200564,14.94261,0.2264000028371811
PSZ2G037.69-46.87,14.713759279853962,14.7284565,0.2630000114440918
PSZ2G039.21-75.96,14.59070036220414,14.808962,0.2435009926557541
PSZ2G042.19+63.00,14.630721818788404,14.710812,0.2568405270576477
PSZ2G044.58-20.46,14.75217448548953,14.822727,0.2745999991893768
PSZ2G045.13+67.78,14.683530390372308,14.821671,0.2190999984741211
PSZ2G045.51+16.26,14.61408392511031,14.736826,0.239999994635582
PSZ2G046.10+27.18,14.917467119246492,14.939718,0.3889999985694885
PSZ2G047.48+37.37,14.622681380481433,14.756985,0.239999994635582
PSZ2G047.71-59.47,14.663733370021001,14.80044,0.2471999973058701
PSZ2G048.91-25.55,14.7357320062652,14.754784,0.3334000110626221
PSZ2G049.18+65.05,14.67483793753401,14.715887,0.2339999973773956
PSZ2G049.80-25.16,14.805680676796454,14.748085,0.3210999965667725
PSZ2G050.06-27.32,14.819398880868532,14.789715,0.3339999914169312
PSZ2G052.35-31.98,14.661647539788007,14.705505,0.264974981546402
PSZ2G053.44-36.25,14.872386193242724,14.876499,0.3300000131130219
PSZ2G053.64-34.48,14.63733478306288,14.735125,0.2346999943256378
PSZ2G053.88-64.60,14.696542167952032,14.739792,0.2619999945163727
PSZ2G054.85+54.30,14.642022699593303,14.822157,0.2346999943256378
PSZ2G054.95-33.39,14.864690162584031,14.805405,0.3919999897480011
PSZ2G054.99+53.41,14.757999876363261,14.792355,0.2290000021457672
PSZ2G055.59+31.85,14.890896978688685,15.012075,0.2240000069141388
PSZ2G055.95-34.89,14.828124411249773,14.9387665,0.2310000061988831
PSZ2G057.08-74.45,14.672829829072429,14.732599,0.2479999959468842
PSZ2G057.25-45.34,15.021352808437774,15.024008,0.3970000147819519
PSZ2G057.73+51.58,14.747102411598688,14.754217,0.2381999939680099
PSZ2G059.18+32.91,14.717112895071653,14.726921,0.382999986410141
PSZ2G059.29+44.49,14.760314377356098,14.715319,0.3427458107471466
PSZ2G059.47+33.06,14.78447310026214,14.71764,0.3869999945163727
PSZ2G059.81-39.09,14.698187709611949,14.832121,0.2240000069141388
PSZ2G060.00-18.68,14.661312288129038,14.8280525,0.221000000834465
PSZ2G060.13+11.44,14.74258653041445,14.81979,0.2240000069141388
PSZ2G060.16+64.50,14.698896854783873,14.722708,0.3607463538646698
PSZ2G063.91-16.75,14.748986938876646,14.702339,0.3930000066757202
PSZ2G064.11-53.72,14.650827227451995,14.740877,0.2452362179756165
PSZ2G065.45+78.10,14.609141753338877,14.694834,0.2730000019073486
PSZ2G065.79+41.80,14.718086326490305,14.704056,0.335999995470047
PSZ2G066.01-23.30,14.63807039501666,14.72595,0.2479999959468842
PSZ2G066.19+12.86,14.647050528642675,14.741661,0.2461999952793121
PSZ2G066.26+20.82,14.616420594852604,14.708704,0.2779999971389771
PSZ2G067.36+10.74,14.794151125511057,14.914579,0.2090000063180923
PSZ2G068.36+81.81,14.819576026681524,14.829716,0.3082999885082245
PSZ2G068.49-39.12,14.73104714556025,14.682716,0.3907308578491211
PSZ2G069.66-79.26,14.772143832300179,14.730425,0.3170000016689301
PSZ2G069.92-18.90,14.745265444766135,14.773918,0.3079999983310699
PSZ2G071.21+28.86,14.82913966697516,14.807831,0.3659999966621399
PSZ2G071.39+59.54,14.768590710494287,14.864559,0.291700005531311
PSZ2G072.62+41.46,15.067884782802354,15.083675,0.2280000001192093
PSZ2G072.80-41.12,14.712794826623206,14.917139,0.3729692101478577
PSZ2G073.38-80.01,14.748781585844192,14.76173,0.2773000001907349
PSZ2G073.82-54.92,14.74195385724015,14.786234,0.2966000139713287
PSZ2G073.97-27.82,14.991186101691508,15.056852,0.2328999936580658
PSZ2G074.08-54.68,14.732137017861733,14.845337,0.3046999871730804
PSZ2G074.75-24.59,14.701153753704642,14.833496,0.25
PSZ2G075.30+37.21,14.653472768087259,14.719547,0.26910001039505
PSZ2G077.20-65.45,14.613844758380464,14.728689,0.2509999871253967
PSZ2G079.35+28.35,14.576874312996134,14.69269,0.2039999961853027
PSZ2G080.55-24.82,14.63144098396436,14.700674,0.2662265002727509
PSZ2G080.70+48.31,14.504907689269935,14.703888,0.2354000061750412
PSZ2G081.00-50.93,14.874133735440266,14.885197,0.2998000085353851
PSZ2G081.56+26.51,14.603662427381494,14.693966,0.2763999998569489
PSZ2G081.72+70.15,14.619143590303993,14.747435,0.2504794299602509
PSZ2G082.31-67.00,14.770946601831037,14.805742,0.3939000070095062
PSZ2G082.88-75.10,14.704357141250206,14.712158,0.3779999911785126
PSZ2G083.85-55.43,14.69162551280936,14.802515,0.30206099152565
PSZ2G084.13-35.41,14.740050138122234,14.799055,0.3136999905109406
PSZ2G084.41-12.43,14.718844338918743,14.629822,0.2730000019073486
PSZ2G084.50+31.35,14.622192479375402,14.676407,0.3235999941825867
PSZ2G084.62-15.86,14.759112819157675,14.695513,0.3673000037670135
PSZ2G084.82+20.66,14.65199672716512,14.710896,0.367000013589859
PSZ2G085.23+39.42,14.588937057502514,14.730709,0.2565000057220459
PSZ2G086.43-24.95,14.580943802315751,14.71113,0.2314755767583847
PSZ2G086.47+15.31,14.879552118065117,14.942083,0.2599999904632568
PSZ2G086.58+73.11,14.58336834950724,14.712599,0.221900001168251
PSZ2G086.62+30.26,14.63678531405973,14.725229,0.2263000011444092
PSZ2G086.73-61.16,14.640690500720902,14.745008,0.3546985685825348
PSZ2G087.03-57.37,14.865062522341205,14.94565,0.2779000103473663
PSZ2G087.44-21.56,14.617671193194433,14.741205,0.2577013671398163
PSZ2G088.83-12.99,14.89381880239052,14.904774,0.2919999957084656
PSZ2G089.46-58.09,14.714615776054396,14.847164,0.2700000107288361
PSZ2G089.81-39.56,14.782640000822926,14.880215,0.2502000033855438
PSZ2G090.04+34.09,14.553161776595916,14.690329,0.2669999897480011
PSZ2G090.62+33.52,14.642020621880969,14.697756,0.3070000112056732
PSZ2G091.79-27.00,14.800226946232987,14.810436,0.3617351353168488
PSZ2G092.16-66.01,14.775053308393444,15.032902,0.2319999933242798
PSZ2G092.30-55.75,14.710699212261735,14.724943,0.3490000069141388
PSZ2G092.71+73.46,14.909877808014464,15.020086,0.2278999984264374
PSZ2G093.93-82.22,14.8455315245135,14.84865,0.3519999980926514
PSZ2G094.00+27.41,14.831011355067824,14.908501,0.3314999938011169
PSZ2G094.46-69.65,14.736438510559136,14.713032,0.3521105349063873
PSZ2G095.29+44.13,14.605838800905659,14.698723,0.3307848274707794
PSZ2G095.49+16.41,14.673767894204504,14.72967,0.300000011920929
PSZ2G096.83+52.49,14.692342627957549,14.78796,0.3179000020027161
PSZ2G096.88+24.18,14.671139377105607,14.901602,0.300000011920929
PSZ2G097.15+39.20,14.469066619336342,14.881014,0.2057999968528748
PSZ2G097.78+46.95,14.535041444179647,14.690838,0.337799996137619
PSZ2G097.94+19.43,14.600305707281096,14.780985,0.2450000047683716
PSZ2G098.64+23.20,14.530324160261607,14.709969,0.2470999956130981
PSZ2G099.24+42.54,14.447508600306714,14.693636,0.2231000065803528
PSZ2G099.38+25.19,14.627790399663624,14.746956,0.3499999940395355
PSZ2G100.04+23.73,14.568600861742416,14.730059,0.2102999985218048
PSZ2G100.14+41.67,14.606840094813773,14.704445,0.2338999956846237
PSZ2G101.36+32.39,14.520193176767558,14.691158,0.3059000074863434
PSZ2G101.52-29.98,14.688296920103355,14.795662,0.2269999980926514
PSZ2G101.55-59.03,14.757456578187556,14.78583,0.3694545328617096
PSZ2G103.56+24.78,14.60842252225527,14.697325,0.3300000131130219
PSZ2G104.30-48.99,14.613552370952497,14.751236,0.2032999992370605
PSZ2G104.71-54.54,14.690082598023269,14.745827,0.2440619468688965
PSZ2G104.98-54.79,14.681103648918931,14.707924,0.2912339866161346
PSZ2G105.76+54.73,14.644842653626911,14.75651,0.3160000145435333
PSZ2G106.61+66.71,14.669700606444461,14.812447,0.3314000070095062
PSZ2G106.87-83.23,14.909859203910557,14.933966,0.2924000024795532
PSZ2G107.10+65.32,14.914731079874619,14.974897,0.2799000144004822
PSZ2G107.66-58.32,14.793520672711853,14.838963,0.2669999897480011
PSZ2G108.17-11.56,14.88866947795628,14.829027,0.335999995470047
PSZ2G108.24+58.11,14.585403806231833,14.6948395,0.3216772377490997
PSZ2G108.71-47.75,14.703618715814128,14.747208,0.3716736733913422
PSZ2G109.52-19.16,14.760811442887784,14.7477455,0.3091999888420105
PSZ2G109.97+52.84,14.682541155740568,14.770451,0.3258999884128571
PSZ2G109.99-70.28,14.749927765413931,14.816399,0.3044872879981995
PSZ2G112.35-32.86,14.740289148291858,14.822897,0.3481141626834869
PSZ2G113.81+44.35,14.665366391522634,14.82238,0.2249999940395355
PSZ2G113.91-37.01,14.879797942672962,14.847885,0.3711866736412048
PSZ2G114.31+64.89,14.830031008005738,14.880371,0.2836000025272369
PSZ2G114.39-60.16,14.761554864474535,14.743181,0.3683181405067444
PSZ2G114.81-11.80,14.64654112286685,14.740528,0.25
PSZ2G114.99+70.36,14.756044256737756,14.876541,0.2258999943733215
PSZ2G115.65+41.66,14.461623849881647,14.690313,0.2195000052452087
PSZ2G115.72+44.03,14.577266927609864,14.710726,0.2143000066280365
PSZ2G116.32-36.33,14.72508574140826,14.7325535,0.3668000102043152
PSZ2G116.50-44.47,14.881307972565185,14.823349,0.3956473767757416
PSZ2G116.95-53.55,14.808421218826517,14.87122,0.2545999884605408
PSZ2G118.34+68.79,14.576827814056907,14.699047,0.2548786401748657
PSZ2G118.46+39.32,14.778490810537376,14.750175,0.396699994802475
PSZ2G118.92+52.38,14.642239529772427,14.795086,0.2199999988079071
PSZ2G119.38+46.85,14.61356376570176,14.703634,0.3274999856948853
PSZ2G120.08-44.41,14.667164234518205,14.725828,0.2667999863624573
PSZ2G121.03+57.02,14.755253715224462,14.806915,0.3440000116825104
PSZ2G121.13+49.64,14.501335421611596,14.696365,0.221000000834465
PSZ2G121.77+51.75,14.600166062559705,14.707439,0.2332150936126709
PSZ2G122.30+54.52,14.655912763580483,14.697983,0.3182254731655121
PSZ2G122.89-36.82,14.74560023362662,14.792414,0.3457870185375214
PSZ2G123.00-35.52,14.811029557406505,14.823849,0.3797048032283783
PSZ2G123.66+67.25,14.641743488763044,14.720842,0.2837974727153778
PSZ2G123.72+34.68,14.582393513071622,14.712898,0.2053000032901764
PSZ2G125.30-27.99,14.701117199061741,14.823599,0.2232759445905685
PSZ2G125.71+53.86,14.816326573831313,14.823843,0.3018999993801117
PSZ2G126.20-33.17,14.736471450174179,14.74968,0.3579677939414978
PSZ2G127.44-34.74,14.690063785752482,14.738962,0.2486642599105835
PSZ2G127.50-30.52,14.723372669285432,14.75308,0.3528032004833221
PSZ2G130.13-17.02,14.690196342057828,14.750519,0.213699996471405
PSZ2G130.21-62.60,14.756531648023232,14.732515,0.2770000100135803
PSZ2G130.25-26.50,14.652225886340378,14.753273,0.2160000056028366
PSZ2G131.06+29.98,14.62833123400815,14.749477,0.2000000029802322
PSZ2G132.47-17.27,14.955002959773594,14.910572,0.3409999907016754
PSZ2G133.60+69.04,14.76920197893061,14.789993,0.2540000081062317
PSZ2G134.59+53.38,14.648839333672973,14.69528,0.3452000021934509
PSZ2G134.64-11.80,14.715279829836035,14.79447,0.2070000022649765
PSZ2G135.03+36.04,14.749720645892543,14.797182,0.3449999988079071
PSZ2G135.06+54.39,14.732806941035268,14.708487,0.3169000148773193
PSZ2G135.70+32.52,14.623357189431818,14.729237,0.2599999904632568
PSZ2G138.32-39.82,14.777015131866705,14.828777,0.2802999913692474
PSZ2G139.18+56.37,14.836809995275223,14.930515,0.3219999969005585
PSZ2G139.62+24.18,14.881500683338103,14.909622,0.2669999897480011
PSZ2G140.63+29.45,14.701073552002631,14.789831,0.2149000018835068
PSZ2G142.18-53.27,14.777395758807861,14.744577,0.365200012922287
PSZ2G142.20+37.25,14.648112300634928,14.707256,0.2840000092983246
PSZ2G143.26+65.24,14.883611709591591,14.901018,0.3633531033992767
PSZ2G143.44+53.66,14.724989009733559,14.742771,0.3663511276245117
PSZ2G143.62+42.61,14.69430419405846,14.781456,0.2060000002384186
PSZ2G145.19+32.14,14.687535457002639,14.814236,0.2230000048875809
PSZ2G145.65+59.30,14.675017502800806,14.701923,0.347476989030838
PSZ2G146.82+40.97,14.652159093413628,14.830112,0.2590000033378601
PSZ2G148.36+75.23,14.676967445867506,14.723953,0.3037999868392944
PSZ2G150.24+48.72,14.551372209779935,14.752178,0.2055000066757202
PSZ2G150.56+46.67,14.717117304296858,14.708061,0.3982970118522644
PSZ2G150.90-39.05,14.699089104875341,14.9212055,0.2249000072479248
PSZ2G151.19+48.27,14.705906018086855,14.785448,0.2894865870475769
PSZ2G152.33+81.28,14.729009727472551,14.725119,0.3330999910831451
PSZ2G153.00-58.26,14.702829281583558,14.8406315,0.2269999980926514
PSZ2G154.13+40.19,14.73783702201182,14.752302,0.2898248434066772
PSZ2G155.46-60.15,14.629605193664531,14.725874,0.2437999993562698
PSZ2G155.80+70.40,14.645400583628355,14.707499,0.3331445753574371
PSZ2G157.32-26.77,15.031633909834273,15.029104,0.3560000061988831
PSZ2G157.63+78.02,14.744871078227572,14.7553215,0.3770250380039215
PSZ2G158.35-47.49,14.75278542838746,14.779726,0.3050000071525574
PSZ2G159.86+42.57,14.66392458903586,14.750444,0.2696079015731812
PSZ2G159.91-73.50,14.927588413301121,15.031151,0.2060000002384186
PSZ2G161.94-48.17,14.815306198642496,14.841888,0.2203000038862228
PSZ2G162.49-71.98,14.666865950262055,14.7518425,0.2108000069856644
PSZ2G163.87+48.54,14.55883176225956,14.689182,0.2140000015497208
PSZ2G164.29+08.94,14.79146855403035,14.878717,0.2504999935626984
PSZ2G164.65+46.37,14.778838858341585,14.806948,0.3420000076293945
PSZ2G165.68+44.01,14.574714781815812,14.758778,0.2097329348325729
PSZ2G165.76+31.15,14.646620139292141,14.684523,0.2590000033378601
PSZ2G166.09+43.38,14.835530730804829,14.93037,0.2171999961137772
PSZ2G166.62+42.13,14.72715857025798,14.880018,0.2322500050067902
PSZ2G168.33+69.73,14.680596258466814,14.749168,0.2879999876022339
PSZ2G169.62+33.84,14.771990770584868,14.745888,0.3465999960899353
PSZ2G170.22+09.74,15.03178456533948,15.132664,0.2280000001192093
PSZ2G171.98-40.66,15.029799913652164,14.87282,0.2700000107288361
PSZ2G172.93+21.34,14.786832617314934,14.864716,0.3310000002384186
PSZ2G172.98-53.55,14.88339758749448,14.913427,0.3729999959468842
PSZ2G175.69-85.98,14.753778713099901,14.934553,0.2300000041723251
PSZ2G176.25-52.57,14.78289530389249,14.910219,0.2360000014305115
PSZ2G178.00+42.32,14.599181322963203,14.747099,0.2368000000715256
PSZ2G180.27-29.53,14.88677414386687,14.929081,0.3547999858856201
PSZ2G180.60+76.65,14.799327413975012,14.919727,0.2137999981641769
PSZ2G180.88+31.04,14.777343374951359,14.698711,0.3646529614925385
PSZ2G181.06+48.47,14.626537865568055,14.713474,0.2403919100761414
PSZ2G181.44-44.76,14.710630149000194,14.736927,0.3939000070095062
PSZ2G182.59+55.83,14.76600391591764,14.916504,0.2060000002384186
PSZ2G183.30+34.98,14.816846093411884,14.733124,0.3919000029563904
PSZ2G184.24+43.69,14.733271086188019,14.780611,0.3970000147819519
PSZ2G184.68+28.91,14.74050480373846,14.783152,0.2879999876022339
PSZ2G185.08+34.02,14.73314048183889,14.7260475,0.3647554218769073
PSZ2G186.37+37.26,15.04133014015526,15.077652,0.2820000052452087
PSZ2G186.81+07.32,14.730438490990245,14.875309,0.2204000055789948
PSZ2G186.99+38.65,14.835088959610598,14.886568,0.3779999911785126
PSZ2G189.23+20.55,14.73736654945102,14.724321,0.397599995136261
PSZ2G189.53-25.10,14.78084965938099,14.787756,0.2450000047683716
PSZ2G192.90+29.63,14.713490749781084,14.731565,0.3604645729064941
PSZ2G193.63+54.85,14.714775834257575,14.767559,0.2919999957084656
PSZ2G194.36+14.07,14.704625694241392,14.791367,0.289000004529953
PSZ2G194.98+54.12,14.75305472452971,14.747019,0.3749858438968658
PSZ2G195.24+29.34,14.693998975334262,14.717823,0.2841764688491821
PSZ2G195.39-29.08,14.745227096533238,14.804804,0.2842000126838684
PSZ2G195.60+44.06,14.787511153669165,14.7445545,0.295199990272522
PSZ2G195.75-24.32,14.892115772914119,15.003378,0.2029999941587448
PSZ2G198.46+46.01,14.744679352610897,14.788111,0.2994615733623505
PSZ2G198.90+18.16,14.766607739610974,14.7393875,0.3183999955654144
PSZ2G199.61+53.41,14.743355203417522,14.827509,0.3711727261543274
PSZ2G200.06+77.22,14.664811636028562,14.705797,0.3605123460292816
PSZ2G200.82+27.42,14.78489652715031,14.769873,0.3820151388645172
PSZ2G200.95-28.16,14.724463591185863,14.809235,0.2199999988079071
PSZ2G201.54+30.62,14.802685885114977,14.837887,0.3348999917507172
PSZ2G204.24+14.51,14.778976745455934,14.783186,0.3454000055789948
PSZ2G204.73+15.88,14.793895699012568,14.783241,0.3440000116825104
PSZ2G205.05-62.95,14.882824785742953,14.81127,0.3100000023841858
PSZ2G206.45+13.89,14.859659686061855,14.884375,0.3810000121593475
PSZ2G207.88+81.31,14.87527964463202,14.9115715,0.3529999852180481
PSZ2G208.60-26.00,14.88895638338418,14.959011,0.2195000052452087
PSZ2G208.80-30.67,14.860674957547845,14.9129715,0.2475000023841858
PSZ2G210.01+50.85,14.695131995015878,14.686956,0.3190000057220459
PSZ2G210.08-60.96,14.7821108518472,14.761965,0.3219999969005585
PSZ2G212.80+50.63,14.603856690546426,14.713625,0.2186712622642517
PSZ2G212.82-84.04,14.754291296791715,14.8418255,0.2275000065565109
PSZ2G213.27+78.38,14.682665449390393,14.702034,0.3160000145435333
PSZ2G213.30+50.99,14.672890570903633,14.7223015,0.320499986410141
PSZ2G214.08+23.15,14.755291915886165,14.824623,0.2556999921798706
PSZ2G215.19-49.65,14.7776789025761,14.841867,0.2398999929428101
PSZ2G215.24-26.10,14.795350046492425,14.811323,0.335999995470047
PSZ2G215.51+06.58,14.905141205985796,15.000965,0.2196999937295914
PSZ2G215.61+22.61,14.715577952364145,14.818073,0.2491876184940338
PSZ2G216.62+47.00,14.915861298506975,14.921759,0.3826000094413757
PSZ2G216.80+09.25,14.713232193799609,14.751017,0.2730000019073486
PSZ2G218.54+13.26,14.775535185832974,14.760134,0.3269999921321869
PSZ2G219.12+44.49,14.718087594776952,14.690418,0.3402999937534332
PSZ2G219.88+22.83,14.704830258852036,14.809813,0.2328126579523087
PSZ2G220.11+22.91,14.687950958287452,14.746641,0.2248000055551529
PSZ2G220.83+42.20,14.759671446200725,14.732674,0.3104000091552734
PSZ2G222.78+12.84,14.827685199902948,14.838888,0.3689999878406525
PSZ2G222.99-65.70,14.791249522872429,14.870369,0.2322999984025955
PSZ2G223.16-68.81,14.61696396018255,14.728083,0.2137999981641769
PSZ2G223.47+26.85,14.721951740459318,14.707636,0.3269000053405762
PSZ2G223.93-60.10,14.84263593049664,14.8748,0.2536999881267548
PSZ2G224.53-30.27,14.56997079278742,14.707754,0.2001380026340485
PSZ2G224.82+13.62,14.738417248723437,14.753315,0.2939999997615814
PSZ2G225.48+29.41,14.66258874313759,14.824635,0.2029999941587448
PSZ2G225.84+41.84,14.606703713879053,14.727861,0.2060000002384186
PSZ2G226.75+48.95,14.685701506207895,14.725264,0.2245000004768372
PSZ2G227.21+54.79,14.687308412478462,14.777727,0.3264781534671783
PSZ2G227.59+22.98,14.678375345987833,14.726704,0.2808499932289124
PSZ2G227.61+54.87,14.722295486195563,14.749897,0.3188000023365021
PSZ2G227.63-52.28,14.562754039377776,14.687555,0.2108999937772751
PSZ2G228.29+55.08,14.654344038510214,14.746887,0.315200001001358
PSZ2G228.50+34.95,14.762062905983065,14.827192,0.2700999975204468
PSZ2G229.37+49.70,14.592343570285584,14.747295,0.2032923996448517
PSZ2G229.74+77.96,14.874239812075661,14.9404125,0.2689999938011169
PSZ2G230.48+71.51,14.733620791444851,14.782965,0.3211844265460968
PSZ2G230.73+27.70,14.695635423614796,14.728128,0.2943499982357025
PSZ2G231.56+60.03,14.822355126643641,14.828804,0.2994000017642975
PSZ2G231.70-07.80,14.735824700629854,14.854954,0.2000000029802322
PSZ2G231.79+31.48,14.687328790936244,14.703602,0.3324045836925507
PSZ2G233.41-17.13,14.724908058407237,14.741377,0.3499999940395355
PSZ2G233.68+36.14,14.738572893551837,14.692045,0.356822669506073
PSZ2G235.56+23.29,14.830770236584671,14.856737,0.3740000128746033
PSZ2G239.43+47.95,14.814589853107654,14.832626,0.2849999964237213
PSZ2G239.66+06.80,14.797217201388777,14.827633,0.300000011920929
PSZ2G240.30-50.34,14.71259907776277,14.74691,0.2509999871253967
PSZ2G240.39+07.91,14.748677580065758,14.806408,0.3314999938011169
PSZ2G240.61-60.40,14.62976007178873,14.751829,0.219200000166893
PSZ2G241.76-30.88,14.845395464070334,14.873566,0.270799994468689
PSZ2G243.34-50.92,14.61409147877947,14.743206,0.2370000034570694
PSZ2G244.37-32.15,14.869595963019075,14.882502,0.2838999927043915
PSZ2G244.68+08.63,14.647631176859832,14.727732,0.2509999871253967
PSZ2G244.74-28.59,14.694802686449929,14.745945,0.3190000057220459
PSZ2G247.69-25.06,14.635635937309269,14.718456,0.3436999917030334
PSZ2G247.99-26.37,14.535801649617502,14.68792,0.2300000041723251
PSZ2G249.80-68.11,14.574551215998694,14.73888,0.2280000001192093
PSZ2G250.17+73.53,14.52528627838755,14.761656,0.2751481831073761
PSZ2G250.29-17.29,14.655179940176419,14.716156,0.2700000107288361
PSZ2G250.68+40.76,14.611515224600401,14.703897,0.2544000148773193
PSZ2G250.89-36.24,14.758691129826195,14.816994,0.2000000029802322
PSZ2G251.13-78.15,14.619848130428542,14.728857,0.3039999902248383
PSZ2G252.23-50.62,14.658682770233371,14.71022,0.3582000136375427
PSZ2G252.95-41.35,14.635546173531155,14.683666,0.3499999940395355
PSZ2G253.13+57.49,14.684602664020572,14.72311,0.2293000072240829
PSZ2G253.21+34.25,14.69392854522615,14.732574,0.3061999976634979
PSZ2G254.51-27.32,14.688809177770857,14.731373,0.274399995803833
PSZ2G254.66-34.45,14.570765477689926,14.723276,0.2960000038146973
PSZ2G255.51+49.96,14.697780978421735,14.69356,0.3402973711490631
PSZ2G256.53-65.70,14.78404711504365,14.884186,0.2195000052452087
PSZ2G257.09+55.61,14.836563507149053,14.753218,0.3499000072479248
PSZ2G257.32-22.19,14.72481062371836,14.882654,0.2026000022888184
PSZ2G257.72+17.85,14.729155914192164,14.732269,0.296999990940094
PSZ2G259.30+84.41,14.689434352257845,14.741226,0.328669399023056
PSZ2G259.98-18.44,14.696537169955166,14.741837,0.3129999935626984
PSZ2G259.98-63.43,14.877435085766741,14.927856,0.2836000025272369
PSZ2G260.76-31.27,14.491663289214477,14.702972,0.25
PSZ2G262.01-32.98,14.480627793756206,14.660694,0.2300000041723251
PSZ2G262.23+34.48,14.575315877880186,14.742096,0.2099999934434891
PSZ2G262.27-35.38,14.942488751143992,14.999224,0.295199990272522
PSZ2G263.03-56.19,14.672424299376598,14.729582,0.3919999897480011
PSZ2G263.14-23.41,14.834164932318295,15.007608,0.2266000062227249
PSZ2G263.24-33.18,14.603563328469054,14.684725,0.300000011920929
PSZ2G264.40+19.49,14.760039363222004,14.770678,0.239999994635582
PSZ2G265.86-19.93,14.666632743773874,14.93721,0.2960000038146973
PSZ2G266.04-21.25,15.11728281653728,15.153873,0.2964999973773956
PSZ2G266.83+25.08,14.867331461892014,14.917307,0.2542000114917755
PSZ2G268.34-43.64,14.643044813971215,14.689333,0.3400000035762787
PSZ2G269.02+22.27,14.70616567166882,14.728746,0.3574999868869781
PSZ2G270.37+69.42,14.657616357605157,14.716652,0.2917760014533997
PSZ2G270.63-35.67,14.727797649034706,14.693548,0.3129999935626984
PSZ2G270.93-58.78,14.774580709271625,14.802511,0.2779999971389771
PSZ2G271.18-30.95,14.867656909634075,14.817223,0.3700000047683716
PSZ2G271.28-36.11,14.580617435539299,14.6854,0.25
PSZ2G271.53-56.57,14.830924985968911,14.884291,0.300000011920929
PSZ2G273.54-30.28,14.750961736967085,14.754805,0.3453699946403503
PSZ2G273.69-68.38,14.55749973176763,14.692564,0.3199999928474426
PSZ2G274.73-32.20,14.526528867976351,14.740938,0.2000000029802322
PSZ2G276.75-59.82,14.651565162695594,14.705297,0.3431999981403351
PSZ2G278.58+39.16,14.952856770769275,14.980963,0.3075000047683716
PSZ2G279.79+39.09,14.786654796165601,14.774269,0.2899999916553497
PSZ2G281.09-42.51,14.650979716316769,14.714216,0.3799999952316284
PSZ2G281.26-46.90,14.639002759378798,14.734474,0.2840000092983246
PSZ2G282.14+38.29,14.685203694644462,14.773216,0.3269999921321869
PSZ2G283.26+77.37,14.722845604038346,14.692183,0.281640499830246
PSZ2G284.97-23.69,14.923892530386459,14.94525,0.3899999856948853
PSZ2G285.63-17.23,14.822290403591957,14.760181,0.3499999940395355
PSZ2G285.87-74.93,14.652822000862916,14.792572,0.2129999995231628
PSZ2G286.28-38.36,14.773796001592055,14.751204,0.3070000112056732
PSZ2G286.39+64.06,14.612575648276557,14.7717,0.2289861291646957
PSZ2G286.62-31.24,14.754642447994327,14.88327,0.2099999934434891
PSZ2G286.68+23.18,14.702703236323872,14.807743,0.300000011920929
PSZ2G286.98+32.90,15.167098972748834,15.14702,0.3899999856948853
PSZ2G287.25+34.96,14.734126888862312,14.722065,0.3490000069141388
PSZ2G287.54+58.63,14.625945891247257,14.74225,0.3050330877304077
PSZ2G287.56-28.32,14.680845364093063,14.894741,0.3630000054836273
PSZ2G287.96-32.99,14.791212080323655,14.837427,0.25
PSZ2G288.08-14.81,14.71580423888749,14.752174,0.2899999916553497
PSZ2G289.13+72.19,14.769150922983538,14.746971,0.2290000021457672
PSZ2G292.56+21.97,14.89905417898841,14.920338,0.300000011920929
PSZ2G294.68-37.01,14.844690240760768,14.911253,0.2741999924182892
PSZ2G295.19-56.99,14.58550595296613,14.724432,0.2169999927282333
PSZ2G295.63-51.96,14.784434252426308,14.796755,0.3330000042915344
PSZ2G296.27-52.05,14.725198008944211,14.745684,0.3264000117778778
PSZ2G296.91-07.00,14.875096107958651,14.959608,0.3100000023841858
PSZ2G299.38-57.32,14.639960835346097,14.691263,0.348114013671875
PSZ2G303.54+36.49,14.62415404065508,14.745148,0.2211530059576035
PSZ2G304.84+69.84,14.68286248298916,14.724411,0.3459999859333038
PSZ2G305.88-44.56,14.755030228606666,14.753782,0.300000011920929
PSZ2G306.02+34.47,14.6986550339382,14.730497,0.2212000042200089
PSZ2G307.56-10.74,14.88904826005182,14.882959,0.25
PSZ2G308.44+24.24,14.798380060455177,14.866348,0.255299985408783
PSZ2G309.39+13.26,14.756703273467613,14.844088,0.2800000011920929
PSZ2G309.43-72.86,14.764971208509902,14.790306,0.3499999940395355
PSZ2G309.49+37.31,14.827145966434024,14.877369,0.2439000010490417
PSZ2G311.91-78.80,14.561908004378298,14.734058,0.2193450033664703
PSZ2G313.84+19.21,14.825712916036835,14.831068,0.2824999988079071
PSZ2G315.56-37.04,14.755289733081726,14.747013,0.2329999953508377
PSZ2G317.52+59.94,14.70626395885637,14.732765,0.3155508935451508
PSZ2G318.14-29.57,14.76990266031382,14.864161,0.2169999927282333
PSZ2G318.62+58.55,14.645279540888696,14.788952,0.2195950448513031
PSZ2G319.27-19.57,14.662483840212493,14.785355,0.2599999904632568
PSZ2G322.63-49.15,14.667583563307831,14.809372,0.2111999988555908
PSZ2G323.08-63.98,14.65985018798646,14.712851,0.319599986076355
PSZ2G323.30+63.66,14.807857318914133,14.868292,0.2590000033378601
PSZ2G324.69+62.17,14.74880784188805,14.811018,0.35929936170578
PSZ2G325.70+17.34,14.879095096012833,14.888634,0.3154999911785126
PSZ2G326.71+50.30,14.606649262212224,14.753309,0.2020999938249588
PSZ2G327.53+25.88,14.74163396483993,14.778475,0.3037999868392944
PSZ2G330.53-40.56,14.56840320168733,14.676962,0.2169999927282333
PSZ2G331.10+40.81,14.777264389588241,14.743412,0.2991999983787537
PSZ2G332.36+62.19,14.774350414365474,14.731165,0.376444935798645
PSZ2G333.59+73.19,14.612264705878921,14.740154,0.2039999961853027
PSZ2G333.89-43.60,14.823405277780756,14.875919,0.3179999887943268
PSZ2G337.14-25.98,14.81855018396155,14.910219,0.2599999904632568
PSZ2G340.36+60.58,14.989016807154753,15.082687,0.2527999877929688
PSZ2G340.94+35.07,14.89185482979202,14.993116,0.2356999963521957
PSZ2G341.16+34.81,14.87046340850843,14.886505,0.3899999856948853
PSZ2G341.19-36.12,14.759241034272714,14.81918,0.2840000092983246
PSZ2G341.44-40.19,14.678136290844952,14.750973,0.25
PSZ2G341.69+50.67,14.737494221579306,14.749001,0.3300000131130219
PSZ2G342.33-34.93,14.824646071866745,14.892065,0.2319999933242798
PSZ2G343.33+83.19,14.764241136681727,14.746027,0.2797335386276245
PSZ2G345.32-59.97,14.70695484407917,14.749035,0.2700000107288361
PSZ2G346.61+35.06,14.947471801924493,15.039583,0.2225999981164932
PSZ2G347.17-27.36,14.856463314066106,14.911619,0.2371000051498413
PSZ2G347.27-52.46,14.534333036037701,14.695826,0.239999994635582
PSZ2G347.58-35.35,14.63612875626829,14.749748,0.2199999988079071
PSZ2G348.43-25.50,14.764399340562072,14.843214,0.25
PSZ2G348.90-67.37,14.856960229008825,14.866447,0.3580000102519989
PSZ2G349.12+67.62,14.629106906360702,14.790056,0.246964767575264
PSZ2G349.46-59.95,15.055348894750109,15.120794,0.3474999964237213
PSZ2G350.12+45.29,14.725490220771572,14.765041,0.2199999988079071
PSZ2G355.07+46.20,14.82387887786456,14.9398365,0.2152999937534332
PSZ2G355.07+55.32,14.631460579567882,14.750908,0.2193918228149414
PSZ2G357.43+69.50,14.75253665115821,14.846279,0.2090000063180923
PSZ2G358.34-47.31,14.623933649255948,14.730101,0.2000000029802322
PSZ2G004.45-19.55,15.015231071689886,14.913208,0.5400000214576721
PSZ2G007.57-33.90,14.79752521628604,14.732201,0.550000011920929
PSZ2G022.98+19.49,14.831871876261792,14.861467,0.4043999910354614
PSZ2G034.78+31.71,14.79685881959746,14.715891,0.4799999892711639
PSZ2G037.48+71.52,14.848728015497112,14.804512,0.4809654951095581
PSZ2G039.34+73.28,14.755205577606054,14.752964,0.5664474368095398
PSZ2G041.69+21.68,14.765592882637755,14.686377,0.4790000021457672
PSZ2G042.32+17.48,14.846896919402386,14.72772,0.4580000042915344
PSZ2G044.77-51.30,14.92216900202671,14.862473,0.5026999711990356
PSZ2G045.32-38.46,14.883690404815669,14.705393,0.593999981880188
PSZ2G045.87+57.70,14.84692649792012,14.851162,0.6110000014305115
PSZ2G046.13+30.72,14.805809329417187,14.716093,0.5690000057220459
PSZ2G048.09+27.18,14.78780408529235,14.702581,0.7360799908638
PSZ2G048.21-65.00,14.748163981974002,14.734144,0.4199999868869781
PSZ2G048.24-51.59,14.865156572308603,14.7953,0.5440000295639038
PSZ2G056.14+28.06,14.742723125582218,14.703281,0.4259999990463257
PSZ2G056.93-55.08,14.999668698941486,14.975594,0.4469999969005585
PSZ2G058.81-49.68,14.82701666660618,14.882629,0.5199999809265137
PSZ2G063.38+53.44,14.795155567223505,14.806477,0.4220331907272339
PSZ2G063.80+11.42,14.792982843150373,14.67708,0.4259999990463257
PSZ2G066.41+27.03,14.886404024747105,14.70574,0.5759999752044678
PSZ2G070.89+49.26,14.810292815452744,14.723431,0.6100000143051147
PSZ2G073.31+67.52,14.82892109020068,14.8341465,0.609000027179718
PSZ2G073.64+36.50,14.781808166838763,14.706177,0.5600000023841858
PSZ2G074.37+71.11,14.759868763359053,14.843567,0.4845186173915863
PSZ2G076.18-47.30,14.801632160944092,14.731585,0.6660000085830688
PSZ2G078.67+20.06,14.715685012780256,14.720196,0.449999988079071
PSZ2G080.64+64.31,14.718145060129684,14.690214,0.5020797848701477
PSZ2G081.02+50.57,14.67128467865815,14.7151985,0.5005742907524109
PSZ2G083.29-31.03,14.91730425877943,14.763052,0.4120000004768372
PSZ2G084.10+58.72,14.73207815082465,14.7178955,0.7310000061988831
PSZ2G086.93+53.18,14.736201324771676,14.716547,0.6751999855041504
PSZ2G087.39+50.92,14.712455841894089,14.7276535,0.7480000257492065
PSZ2G088.98+55.07,14.691559036159257,14.708679,0.7023460268974304
PSZ2G089.39+69.36,14.759649980753139,14.770815,0.6800000071525574
PSZ2G089.99-43.91,14.797773239276808,14.796116,0.5237089395523071
PSZ2G091.83+26.11,14.871072411190411,14.842867,0.8220000267028809
PSZ2G094.44+36.13,14.611280416753715,14.912825,0.453000009059906
PSZ2G094.56+51.03,14.768434626391983,14.744539,0.5392000079154968
PSZ2G095.65-50.01,14.778169059564693,14.812174,0.4880663454532623
PSZ2G097.52+51.70,14.714276650884372,14.865074,0.699999988079071
PSZ2G098.30-41.15,14.848155082769464,14.891968,0.4359999895095825
PSZ2G099.86+58.45,14.83544207976893,14.826572,0.6305000185966492
PSZ2G100.22-29.64,14.883285325516123,14.904491,0.4850000143051147
PSZ2G100.96-24.07,14.755730037230672,14.713066,0.4240118861198425
PSZ2G102.90-31.04,14.827932284009055,14.752085,0.5914999842643738
PSZ2G104.74+40.42,14.628765617614354,14.705772,0.6899999976158142
PSZ2G106.15+25.75,14.691183576492055,14.71917,0.5879999995231628
PSZ2G107.11-39.50,14.840674500196814,14.783876,0.5330303907394409
PSZ2G107.67-39.78,14.758062526462503,14.744226,0.4151999950408936
PSZ2G108.27+48.66,14.693171360425989,14.792789,0.6740000247955322
PSZ2G109.14-28.02,14.840078416836166,14.744518,0.4569999873638153
PSZ2G109.86+27.94,14.716138710133,14.81521,0.4000000059604645
PSZ2G110.28-87.48,14.855746925954069,15.327333,0.5199999809265137
PSZ2G111.61-45.71,14.990946975440682,15.033859,0.5455999970436096
PSZ2G115.67-27.57,14.7252734096068,14.684097,0.4572965800762177
PSZ2G116.24-72.94,14.768991902863124,15.044783,0.501893162727356
PSZ2G118.39+42.22,14.740929137914002,14.709522,0.4779999852180481
PSZ2G119.30-64.68,14.804249456438416,14.712166,0.5567688345909119
PSZ2G126.07-49.55,14.653056893970293,14.71109,0.493848979473114
PSZ2G127.01+26.21,14.865838242158427,14.721275,0.6299999952316284
PSZ2G128.18-51.08,14.818898779875509,14.858555,0.5457034707069397
PSZ2G129.78+16.85,14.791944370125526,14.729576,0.4115900099277496
PSZ2G133.59+50.68,14.712539629371461,14.734684,0.5293083190917969
PSZ2G135.17+65.43,14.778549642481812,14.723047,0.5436122417449951
PSZ2G138.11+42.06,14.822252831114568,14.716738,0.4959999918937683
PSZ2G138.61-10.84,14.976844445998173,15.007191,0.7020000219345093
PSZ2G140.90-52.52,14.87108734736264,14.7416,0.5387704968452454
PSZ2G141.05-32.61,14.840349837750736,14.708324,0.5544724464416504
PSZ2G141.77+14.19,14.884446527003247,14.7336235,0.8299999833106995
PSZ2G144.83+25.11,14.914935464897484,14.692833,0.5839999914169312
PSZ2G147.88+53.24,14.810808938144035,14.891283,0.6000000238418579
PSZ2G150.56+58.32,14.878101551454789,14.84733,0.4699999988079071
PSZ2G151.62+54.78,14.729593214396633,14.72599,0.4864227473735809
PSZ2G153.29+36.56,14.800409790312559,14.821827,0.6499999761581421
PSZ2G155.10-49.97,14.817587633601065,14.761902,0.4589999914169312
PSZ2G155.27-68.42,14.951083915622746,14.94132,0.5659999847412109
PSZ2G155.95-72.13,14.810835893438345,14.878622,0.6200000047683716
PSZ2G156.26+59.64,14.830444905808243,14.814934,0.5877465009689331
PSZ2G157.43+30.34,14.909671283270955,14.73156,0.449999988079071
PSZ2G157.82+21.28,14.845665178721513,14.880411,0.4300000071525574
PSZ2G160.83+81.66,14.755916038749524,14.751938,0.8880000114440918
PSZ2G163.61+34.30,14.76038963863989,14.764526,0.5958613753318787
PSZ2G167.66-65.59,14.857611446060313,14.890203,0.4050000011920929
PSZ2G170.98+39.45,14.907198885988327,14.74172,0.5376384854316711
PSZ2G176.27+37.54,14.788409245189909,14.714771,0.566893994808197
PSZ2G180.25+21.03,15.060213561362929,14.845209,0.5460000038146973
PSZ2G183.90+42.99,14.84172327683626,14.784376,0.5609999895095825
PSZ2G185.16-53.63,14.803114220141461,14.723948,0.4229888021945953
PSZ2G186.61+62.94,14.754363452853413,14.7054615,0.509365439414978
PSZ2G190.61+66.46,14.744002605016926,14.794031,0.488099992275238
PSZ2G193.31-46.13,14.784311188663743,14.71512,0.6399999856948853
PSZ2G197.13+33.46,14.768412107256479,14.7170925,0.4560999870300293
PSZ2G199.75+46.59,14.771904468019397,14.709948,0.5533869862556458
PSZ2G201.50-27.31,14.919300702047142,14.714642,0.5376999974250793
PSZ2G203.22+66.40,14.769903574899995,14.702936,0.5795650482177734
PSZ2G205.48+18.70,14.765821795386328,14.732315,0.4466589987277985
PSZ2G205.65+18.10,14.780850276795654,14.763279,0.4454140663146973
PSZ2G205.90+73.76,14.86852338364116,14.770979,0.4474000036716461
PSZ2G205.93-39.46,15.088149612587719,14.916992,0.4429999887943268
PSZ2G208.61-74.39,14.796142823280768,14.732546,0.7200000286102295
PSZ2G209.79+10.23,15.030491147324204,14.937811,0.6769999861717224
PSZ2G210.64+17.09,14.891551145983478,14.723536,0.4799999892711639
PSZ2G211.21+38.66,14.844522753989104,14.698391,0.5048999786376953
PSZ2G212.44+63.19,14.752768157302995,14.711426,0.5419765710830688
PSZ2G212.50-61.38,14.79369780327132,14.71739,0.5048999786376953
PSZ2G212.93-54.04,14.793442543104648,14.726294,0.5899999737739563
PSZ2G213.39+80.59,14.847216078307909,14.828287,0.5586000084877014
PSZ2G216.44-29.11,14.790163450539348,14.702988,0.4699999988079071
PSZ2G219.89-34.39,14.898528329364746,14.696585,0.699999988079071
PSZ2G224.01-11.14,14.927043944526538,14.773817,0.6200000047683716
PSZ2G224.03-76.42,14.773045181891026,14.71921,0.4129999876022339
PSZ2G224.40-76.54,14.7645566321433,14.713728,0.4129999876022339
PSZ2G225.93-19.99,15.030634789209897,14.96423,0.4600000083446503
PSZ2G227.89+36.58,14.80534072356067,14.6759815,0.4616000056266785
PSZ2G228.16+75.20,15.017777086955405,14.743715,0.5450000166893005
PSZ2G228.30-49.02,14.857623317053955,14.734066,0.425000011920929
PSZ2G228.38+38.58,14.788902969025955,14.713108,0.543811023235321
PSZ2G231.05-17.32,14.724200936445579,14.722179,0.4029999971389771
PSZ2G234.52+82.85,14.733505019343367,14.705523,0.5240928530693054
PSZ2G239.27-26.01,14.943105579133892,14.911682,0.4300000071525574
PSZ2G239.93-39.97,14.850589780971506,14.71072,0.5799999833106995
PSZ2G241.11-28.68,14.866952716242976,14.911709,0.4199999868869781
PSZ2G243.15-73.84,14.907753736613795,14.921923,0.4099999964237213
PSZ2G244.77+59.80,14.76650504527192,14.700336,0.4659203588962555
PSZ2G246.41+13.14,14.756756212684763,14.7128525,0.4359999895095825
PSZ2G249.80+04.56,14.814031114763898,14.821251,0.4199999868869781
PSZ2G250.04+24.14,14.822672335844501,14.8756485,0.4000000059604645
PSZ2G250.59-25.03,14.706970783687861,14.700346,0.550000011920929
PSZ2G254.08-58.45,14.793961067359465,14.783432,0.4584099948406219
PSZ2G254.46-14.44,14.865289405433806,14.678463,0.550000011920929
PSZ2G254.64-45.20,14.68215759962024,14.791283,0.5810499787330627
PSZ2G254.92+82.31,14.711545503873145,14.745327,0.4372661411762238
PSZ2G255.60-46.18,14.800999712185638,14.914766,0.4235129952430725
PSZ2G258.33-38.54,14.717940329873825,14.701023,0.5615389943122864
PSZ2G259.58-51.07,14.687940932454598,14.729294,0.5299999713897705
PSZ2G260.63-28.94,14.775209360417719,14.687006,0.6008999943733215
PSZ2G261.09-66.14,14.70745905727738,14.762402,0.5600000023841858
PSZ2G261.28-36.47,14.620949448583996,14.751587,0.4607200026512146
PSZ2G262.73-40.92,14.872818548382506,14.718557,0.4210000038146973
PSZ2G264.60-51.07,14.840697064169833,14.898886,0.4399999976158142
PSZ2G264.92+44.70,14.784190847103071,14.814928,0.4659999907016754
PSZ2G265.10-59.50,14.788173016087738,14.816662,0.5001000165939331
PSZ2G265.49-30.50,14.614781078565295,14.661737,0.4230000078678131
PSZ2G266.54-27.31,14.830827318684712,14.7108135,0.972000002861023
PSZ2G268.51-28.14,14.608413083639048,14.700281,0.4600000083446503
PSZ2G272.85+48.79,14.760021262659377,14.720461,0.4199999868869781
PSZ2G275.64-49.09,14.646615420205006,14.715334,0.4690000116825104
PSZ2G277.76-51.74,14.986440643444638,14.979712,0.4379999935626984
PSZ2G280.23-53.84,14.68053926416521,14.718441,0.4149999916553497
PSZ2G280.76-52.30,14.688124589385904,14.718679,0.5899999737739563
PSZ2G282.28+49.94,14.892206187409972,14.821028,0.6600000262260437
PSZ2G283.16-22.91,14.82939902274853,14.819231,0.449999988079071
PSZ2G284.41+52.45,15.048291567452454,15.125864,0.4413999915122986
PSZ2G286.75-37.35,14.831578012574562,14.776945,0.4699999988079071
PSZ2G287.00-35.24,14.71819760454863,14.686014,0.4300000071525574
PSZ2G288.15-39.04,14.769000715342262,14.704496,0.4799999892711639
PSZ2G289.16+55.27,14.730270345693805,14.712635,0.4099999964237213
PSZ2G292.40-57.11,14.68006465503858,14.727575,0.4900000095367432
PSZ2G294.36-29.53,14.766648817636414,14.724314,0.6200000047683716
PSZ2G294.89-37.19,14.683665642028922,14.909388,0.4699999988079071
PSZ2G295.25-21.55,14.90725647458208,14.773001,0.6100000143051147
PSZ2G297.97-67.74,15.031553459259202,14.969448,0.8700000047683716
PSZ2G298.56+13.53,14.944670196678542,14.764597,0.6399999856948853
PSZ2G304.84-41.40,14.88341210574698,14.911991,0.4099999964237213
PSZ2G306.22-53.56,14.713538733784397,14.7020645,0.5971289873123169
PSZ2G307.72-77.87,14.780722967905293,14.709358,0.453000009059906
PSZ2G308.33-20.21,15.013624979335262,15.078848,0.4799999892711639
PSZ2G318.05-58.88,14.70148087760252,14.708694,0.5299999713897705
PSZ2G318.25+73.24,14.787178271909909,14.727703,0.4255000054836273
PSZ2G319.19-48.59,14.744051141787963,14.741537,0.5297999978065491
PSZ2G324.04+48.79,15.042553196707114,15.020302,0.4515999853610992
PSZ2G324.99-49.26,14.777696834789213,14.81093,0.5799999833106995
PSZ2G325.99-59.48,14.749358336121507,14.70084,0.4020000100135803
PSZ2G337.12-66.02,14.852519279197669,14.745092,0.5472609996795654
PSZ2G339.63-69.34,14.947528824117448,14.800375,0.5960000157356262
PSZ2G351.76-54.71,14.798569051134917,14.750454,0.6100000143051147
PSZ2G352.05-24.01,14.818096360740677,14.713066,0.7979999780654907
